id,categoria,subcategoria,nome,tier,dano,tipo_dano,alcance,propriedades,bonus,bonus_db,tipo,requisito,descricao,preco,tipo_base,efeitos,maldicao,lore
1,Armas Simples CaC,,Adaga,basico,1d4,Perfurante,,"Versátil (arremesso 9m), Leve",,,,,,15 MB,,,,
2,Armas Simples CaC,,Bordão,basico,1d6,Impacto,,Duas mãos,,,,,,10 MB,,,,
3,Armas Simples CaC,,Clava,basico,1d4,Impacto,,Leve,,,,,,5 MB,,,,
4,Armas Simples CaC,,Espada Curta,basico,1d6,Cortante/Perfurante,,"Leve, Finesse",,,,,,10 MB,,,,
5,Armas Simples CaC,,Foice Curta,basico,1d4,Cortante,,Leve,,,,,,8 MB,,,,
6,Armas Simples CaC,,Lança Curta,basico,1d6,Perfurante,,Versátil (arremesso 6m),,,,,,12 MB,,,,
7,Armas Simples CaC,,Maça,basico,1d8,Impacto,,Pesado,,,,,,20 MB,,,,
8,Armas Simples CaC,,Machadinha,basico,1d6,Cortante,,"Versátil, Leve",,,,,,10 MB,,,,
9,Armas Simples CaC,,Manoplas,basico,1d4,Impacto,,Duas mãos (uma em cada),,,,,,5 MB,,,,
10,Armas Simples CaC,,Martelo de Mão,basico,1d6,Impacto,,"Leve, Versátil (arremesso 6m)",,,,,,12 MB,,,,
11,Armas Táticas CaC,,Machadinha,basico,1d6,Cortante,,"Leve, Versátil (arremesso 6m)",,,,,,100 MB,,,,
12,Armas Táticas CaC,,Maça de Batalha,basico,1d8,Impacto,,—,,,,,,200 MB,,,,
13,Armas Táticas CaC,,Mangual,basico,1d8,Impacto,,—,,,,,,200 MB,,,,
14,Armas Táticas CaC,,Tridente,basico,1d8,Perfurante,,"Versátil (2 mãos: 1d10), Arremesso 6m",,,,,,200 MB,,,,
15,Armas Táticas CaC,,Lança de Guerra,basico,1d10,Perfurante,,"Duas mãos, Alcance (+1,5m)",,,,,,250 MB,,,,
16,Armas Táticas CaC,,Machado de Batalha,basico,1d8,Cortante,,Versátil (2 mãos: 1d10),,,,,,250 MB,,,,
17,Armas Táticas CaC,,Sabre,basico,1d8,Cortante,,Finesse,,,,,,250 MB,,,,
18,Armas Táticas CaC,,Alabarda,basico,1d10,Cortante/Perfurante,,"Duas mãos, Alcance (+1,5m), Pesada",,,,,,300 MB,,,,
19,Armas Táticas CaC,,Espada Longa,basico,1d8,Cortante,,Versátil (2 mãos: 1d10),,,,,,300 MB,,,,
20,Armas Táticas CaC,,Martelo de Guerra,basico,1d8,Impacto,,Versátil (2 mãos: 1d10),,,,,,300 MB,,,,
21,Armas Táticas CaC,,Rapieira,basico,1d8,Perfurante,,Finesse,,,,,,300 MB,,,,
22,Armas Táticas CaC,,Machado de Guerra,basico,1d12,Cortante,,Duas mãos,,,,,,400 MB,,,,
23,Armas Táticas CaC,,Grande Espada,basico,2d6,Cortante,,"Duas mãos, Pesada",,,,,,500 MB,,,,
24,Armas de Disparo,,Arco Curto,basico,1d6,Perfurante,18m / 36m,Munição (flechas),,,,,,90 MB,,,,
25,Armas de Disparo,,Arco Longo,basico,1d8,Perfurante,30m / 60m,"Munição, Duas mãos, Pesada",,,,,,200 MB,,,,
26,Armas de Disparo,,Arco Composto,basico,1d8,Perfurante,24m / 48m,"Munição, Duas mãos, soma FOR ao dano",,,,,,300 MB,,,,
27,Armas de Disparo,,Besta de Mão,basico,1d6,Perfurante,15m / 30m,"Munição, Recarga (1 ação), Leve",,,,,,200 MB,,,,
28,Armas de Disparo,,Besta Leve,basico,1d8,Perfurante,24m / 48m,"Munição (virotes), Recarga (1 ação)",,,,,,300 MB,,,,
29,Armas de Disparo,,Besta Pesada,basico,1d10,Perfurante,30m / 60m,"Munição, Recarga (1 ação), Duas mãos",,,,,,400 MB,,,,
30,Armas de Disparo,,Funda,basico,1d4,Impacto,9m / 18m,Munição (pedras),,,,,,50 MB,,,,
31,Armas de Disparo,,Zarabatana,basico,1d4,Perfurante,6m / 12m,"Munição (dardos), Silenciosa",,,,,,30 MB,,,,
32,Armas Mágicas,,Varinha,basico,1d4,Impacto,,,+2 nas rolagens de Ataque Mágico,,,,,100 MB,,,,
33,Armas Mágicas,,Bastão Rúnico,basico,1d6,Impacto,,,Acertos críticos físicos empurram o alvo em até 6 metros.,,,,,200 MB,,,,
34,Armas Mágicas,,Tomo,basico,1d4,Impacto,,,+2 CD de Conjuração,,,,,300 MB,,,,
35,Armas Mágicas,,Cajado,basico,1d6,Impacto,,,+2 PM recuperado em descanso curto,,,,,400 MB,,,,
36,Armas Mágicas,,Orbe,basico,1d6,Impacto,,,+1 Magia Conhecida,,,,,400 MB,,,,
37,Armas Mágicas,,Cetro,basico,1d8,Impacto,,,+2 Limite de Mana/Turno,,,,,500 MB,,,,
38,Armaduras Cabeça,,Capuz do Assassino,basico,,,,,,+0,Nenhuma,Todos,+1 em furtividade.,60 MB,,,,
39,Armaduras Cabeça,,Chapéu de Bruxa,basico,,,,,,+0,Nenhuma,Todos,Vantagem em testes e salvaguardas em Vontade.,50 MB,,,,
40,Armaduras Cabeça,,Chapéu de Menestrel,basico,,,,,,+0,Nenhuma,Todos,Vantagem em testes e salvaguardas em Carisma.,50 MB,,,,
41,Armaduras Cabeça,,Chapéu do Caçador,basico,,,,,,+0,Nenhuma,Todos,+1 nas rolagens de ataque com armas de longa distância.,55 MB,,,,
42,Armaduras Cabeça,,Chapéu do Mago,basico,,,,,,+0,Nenhuma,Todos,Barreira arcana: absorve 1 de dano mágico.,50 MB,,,,
43,Armaduras Cabeça,,Elmo de Guerreiro,basico,,,,,,+1,Leve,Arm. Leve,Proteção básica de combatente.,150 MB,,,,
44,Armaduras Cabeça,,Elmo do Cavaleiro,basico,,,,,,+1,Pesada,Arm. Pesada,Vantagem em salvaguarda para Atordoamento.,200 MB,,,,
45,Armaduras Cabeça,,Venda,basico,,,,,,+0,Nenhuma,Todos,Imunidade à condição Cego.,30 MB,,,,
46,Armaduras Tronco,,Roupa de Aventureiro,basico,,,,,,0,Nenhuma,Todos,+2 em esquiva,50 MB,,,,
47,Armaduras Tronco,,Gibão,basico,,,,,,1,Nenhuma,Todos,Armadura básica de couro curtido.,50 MB,,,,
48,Armaduras Tronco,,Manto do Gatuno,basico,,,,,,0,Nenhuma,Todos,+2 em furtividade.,60 MB,,,,
49,Armaduras Tronco,,Túnica Rúnica,basico,,,,,,0,Nenhuma,Todos,Barreira arcana: absorve 2 de dano mágico.,60 MB,,,,
50,Armaduras Tronco,,Armadura Acolchoada,basico,,,,,,1,Leve,Arm. Leve,Armadura básica de couro. Requer Força 1+,100 MB,,,,
51,Armaduras Tronco,,Armadura de Couro,basico,,,,,,2,Leve,Arm. Leve,Couro reforçado com metal.,200 MB,,,,
52,Armaduras Tronco,,Couraça,basico,,,,,,3,Leve,Arm. Leve,Requer Força 2+,300 MB,,,,
53,Armaduras Tronco,,Cota de Malha,basico,,,,,,3,Pesada,Arm. Pesada,Requer Força 3+,400 MB,,,,
54,Armaduras Tronco,,Armadura de Placas,basico,,,,,,4,Pesada,Arm. Pesada,Desvantagem em furtividade. Requer Força 3+.,600 MB,,,,
55,Armaduras Tronco,,Meia Armadura,basico,,,,,,5,Pesada,Arm. Pesada,Desvantagem em furtividade. Requer Força 4+.,800 MB,,,,
56,Armaduras Tronco,,Armadura Completa,basico,,,,,,6,Pesada,Arm. Pesada,Desvantagem em furtividade. Requer Força 5+.,1200 MB,,,,
57,Armaduras Calçado,,Botas,basico,,,,,,0,Nenhuma,Todos,+2 em sobrevivência,10 MB,,,,
58,Armaduras Calçado,,Sandálias do Ladino,basico,,,,,,0,Nenhuma,Todos,+1 em furtividade.,30 MB,,,,
59,Armaduras Calçado,,Coturnos do Caçador,basico,,,,,,0,Nenhuma,Todos,"Concede +1,5m no deslocamento.",40 MB,,,,
60,Armaduras Calçado,,Botas Rúnicas,basico,,,,,,0,Nenhuma,Todos,Barreira arcana: absorve 1 de dano mágico.,60 MB,,,,
61,Armaduras Calçado,,Botas de Ferro,basico,,,,,,1,Leve,Arm. Leve,Reforço metálico nos pés.,100 MB,,,,
62,Armaduras Calçado,,Grevas de Batalha,basico,,,,,,2,Pesada,Arm. Pesada,"Pesado. −1,5m no deslocamento.",250 MB,,,,
63,Escudos,,Escudo de Madeira,basico,,,,"Leve, básico.",,1,,,,50 MB,,,,
64,Escudos,,Escudo de Metal,basico,,,,Padrão. Resistente.,,2,,,,100 MB,,,,
65,Escudos,,Escudo Rúnico,basico,,,,Barreira arcana: absorve 2 de dano mágico.,,2,,,,200 MB,,,,
66,Escudos,,Escudo de Torre,basico,,,,Cobertura total se agachado.,,3,,,,300 MB,,,,
67,Acessórios,,Luvas do Ladino,basico,,,,,,,,,+2 em testes com prestidigitação.,80 MB,,,,
68,Acessórios,,Luvas de Couro,basico,,,,,,,,,Vantagem em testes e salvaguardas com desarmes.,100 MB,,,,
69,Acessórios,,Rosário,basico,,,,,,,,,Vantagem em testes e salvaguardas contra elemento Caótico.,120 MB,,,,
70,Acessórios,,Pingente Mágico,basico,,,,,,,,,Barreira arcana: absorve 1 de dano mágico.,150 MB,,,,
71,Acessórios,,Luvas do Arqueiro,basico,,,,,,,,,+1 nas rolagens de ataque com armas de longa distância.,160 MB,,,,
72,Acessórios,,Brinco do Conjurador,basico,,,,,,,,,+1 nas rolagens de ataques mágicos.,170 MB,,,,
73,Acessórios,,Anel Mágico,basico,,,,,,,,,Aumenta a CD de conjuração em +1.,200 MB,,,,
74,Acessórios,,Cinto do Gigante,basico,,,,,,,,,Aumenta +10 pontos de vida.,200 MB,,,,
75,Itens Gerais,Aventura e Sobrevivência,Apito,basico,,,,,,,,,Som audível a até 90m. Sinais e alarmes.,03 MB,,,,
76,Itens Gerais,Aventura e Sobrevivência,Barraca (2 pessoas),basico,,,,,,,,,Protege contra chuva e vento.,60 MB,,,,
77,Itens Gerais,Aventura e Sobrevivência,Bússola,basico,,,,,,,,,Evita se perder em ambientes selvagens.,20 MB,,,,
78,Itens Gerais,Aventura e Sobrevivência,Caderno de Feitiços,basico,,,,,,,,,Registro das magias do pacto e anotações arcanas.,30 MB,,,,
79,Itens Gerais,Aventura e Sobrevivência,Cantil,basico,,,,,,,,,Capacidade para 2 litros de água.,10 MB,,,,
80,Itens Gerais,Aventura e Sobrevivência,Cobertor,basico,,,,,,,,,Protege contra frio moderado.,10 MB,,,,
81,Itens Gerais,Aventura e Sobrevivência,Corda (15m),basico,,,,,,,,,Suporta até 250kg.,10 MB,,,,
82,Itens Gerais,Aventura e Sobrevivência,Espelho Pequeno,basico,,,,,,,,,Aço polido. Sinalização ou ver cantos.,10 MB,,,,
83,Itens Gerais,Aventura e Sobrevivência,Frasco Vazio,basico,,,,,,,,,"Recipiente de vidro/cerâmica. 0,5 litro.",03 MB,,,,
84,Itens Gerais,Aventura e Sobrevivência,Giz (10 pedaços),basico,,,,,,,,,Marca superfícies. Útil para masmorras.,02 MB,,,,
85,Itens Gerais,Aventura e Sobrevivência,Instrumento Musical,basico,,,,,,,,,"Alaúde, flauta ou tambor — essencial para o Bardo.",30 MB,,,,
86,Itens Gerais,Aventura e Sobrevivência,Lamparina,basico,,,,,,,,,Ilumina 9m. 1 frasco de óleo dura 6 horas.,25 MB,,,,
87,Itens Gerais,Aventura e Sobrevivência,Mapa Regional,basico,,,,,,,,,Concede +2 em Navegação na região.,15 MB,,,,
88,Itens Gerais,Aventura e Sobrevivência,Mochila,basico,,,,,,,,,Capacidade para 30kg.,10 MB,,,,
89,Itens Gerais,Aventura e Sobrevivência,Óleo (frasco),basico,,,,,,,,,Combustível. Pode ser derramado (+1d6 dano Fogo).,05 MB,,,,
90,Itens Gerais,Aventura e Sobrevivência,Pá Dobrável,basico,,,,,,,,,"Escavar terra, neve ou esconder objetos.",10 MB,,,,
91,Itens Gerais,Aventura e Sobrevivência,Panela de Ferro,basico,,,,,,,,,Permite cozinhar durante viagens.,12 MB,,,,
92,Itens Gerais,Aventura e Sobrevivência,Pederneira e Aço,basico,,,,,,,,,Acende fogueiras em clima seco.,05 MB,,,,
93,Itens Gerais,Aventura e Sobrevivência,Rações de Viagem (7 dias),basico,,,,,,,,,Alimenta uma pessoa por uma semana.,30 MB,,,,
94,Itens Gerais,Aventura e Sobrevivência,Rede de Caça,basico,,,,,,,,,Utilizada para capturar pequenas criaturas.,15 MB,,,,
95,Itens Gerais,Aventura e Sobrevivência,Saco de Dormir,basico,,,,,,,,,Protege contra frio leve.,30 MB,,,,
96,Itens Gerais,Aventura e Sobrevivência,Saco de Pano (vazio),basico,,,,,,,,,Capacidade 10kg. Itens menores.,02 MB,,,,
97,Itens Gerais,Aventura e Sobrevivência,Tocha (5),basico,,,,,,,,,Ilumina 6m. Queima por 1 hora cada.,05 MB,,,,
98,Itens Gerais,Aventura e Sobrevivência,Vela (10),basico,,,,,,,,,Ilumina 3m. Queima por 1 hora cada. Silenciosa.,05 MB,,,,
99,Itens Gerais,Kits e Ferramentas,Kit de Acampamento,basico,,,,,,,,,"Barraca (2p), cobertor, panela, talheres.",200 MB,,,,
100,Itens Gerais,Kits e Ferramentas,Kit de Alquimia,basico,,,,,,,,,"Vidraria, reagentes e ferramentas de análise.",50 MB,,,,
101,Itens Gerais,Kits e Ferramentas,Kit de Armeiro,basico,,,,,,,,,Permite reparar armas e armaduras.,60 MB,,,,
102,Itens Gerais,Kits e Ferramentas,Kit de Cartografia,basico,,,,,,,,,"Pergaminhos, compasso, régua, tintas.",30 MB,,,,
103,Itens Gerais,Kits e Ferramentas,Kit de Costura,basico,,,,,,,,,"Repara roupas, mochilas e couro leve.",20 MB,,,,
104,Itens Gerais,Kits e Ferramentas,Kit de Curandeiro,basico,,,,,,,,,10 usos. Estabiliza Morrendo sem salvaguarda.,50 MB,,,,
105,Itens Gerais,Kits e Ferramentas,Kit de Disfarces,basico,,,,,,,,,+5 em Enganação para disfarce.,45 MB,,,,
106,Itens Gerais,Kits e Ferramentas,Kit de Escalada,basico,,,,,,,,,+5 em Atletismo para escalar.,150 MB,,,,
107,Itens Gerais,Kits e Ferramentas,Kit de Escrita,basico,,,,,,,,,"Pena, tinteiro, 5 pergaminhos, areia secante.",40 MB,,,,
108,Itens Gerais,Kits e Ferramentas,Kit de Ferramentas (básico),basico,,,,,,,,,"Martelo, alicate, pregos. Reparos simples.",40 MB,,,,
109,Itens Gerais,Kits e Ferramentas,Kit de Ferramentas de Ladrão,basico,,,,,,,,,Abre fechaduras e desarma armadilhas.,30 MB,,,,
110,Itens Gerais,Kits e Ferramentas,Kit de Herbalismo,basico,,,,,,,,,Identifica plantas e cria remédios simples.,40 MB,,,,
111,Itens Gerais,Kits e Ferramentas,Kit de Navegação,basico,,,,,,,,,Instrumentos marítimos e mapas costeiros.,50 MB,,,,
112,Itens Gerais,Kits e Ferramentas,Kit de Pesca,basico,,,,,,,,,Permite pescar para alimentação.,10 MB,,,,
113,Itens Gerais,Kits e Ferramentas,Kit de Primeiros Socorros,basico,,,,,,,,,+2 em Tenacidade para curar sangramento.,120 MB,,,,
114,Itens Gerais,Kits e Ferramentas,Kit de Venenos,basico,,,,,,,,,Necessário para criar venenos. +2 nos testes.,105 MB,,,,
115,Itens Gerais,Munição e Consumíveis,Ácido,basico,,,,,,,,,Frasco arremessável. Acerto: 2d4 dano Ácido.,25 MB,,,,
116,Itens Gerais,Munição e Consumíveis,Água Benta,basico,,,,,,,,,Causa 1d6 dano Sagrado em mortos-vivos.,30 MB,,,,
117,Itens Gerais,Munição e Consumíveis,Antídoto,basico,,,,,,,,,Remove condição Envenenado simples.,30 MB,,,,
118,Itens Gerais,Munição e Consumíveis,Armadilha de Caça (2),basico,,,,,,,,,Armadilha de dano — 7 MB cada.,20 MB,,,,
119,Itens Gerais,Munição e Consumíveis,Bomba de Fumaça,basico,,,,,,,,,Nuvem de fumaça em raio de 3m por 3 rodadas.,20 MB,,,,
120,Itens Gerais,Munição e Consumíveis,Componentes Arcanos,basico,,,,,,,,,"Bolsa com cristais, poeiras e elementos do pacto.",20 MB,,,,
121,Itens Gerais,Munição e Consumíveis,Dardo (10),basico,,,,,,,,,Pequenos projéteis para zarabatana. Pacote com 10 unidades.,15 MB,,,,
122,Itens Gerais,Munição e Consumíveis,Flecha (20),basico,,,,,,,,,Munição para arcos. Pacote com 20 unidades.,20 MB,,,,
123,Itens Gerais,Munição e Consumíveis,Fogo Alquímico,basico,,,,,,,,,Frasco arremessável. Acerto: 1d6 dano Fogo + Em Chamas.,30 MB,,,,
124,Itens Gerais,Munição e Consumíveis,Frasco de Cola Alquímica,basico,,,,,,,,,Reduz deslocamento do alvo atingido.,25 MB,,,,
125,Itens Gerais,Munição e Consumíveis,Incenso de Meditação (5),basico,,,,,,,,,Rituais de conexão espiritual — 4 MB cada.,20 MB,,,,
126,Itens Gerais,Munição e Consumíveis,Incenso Sagrado (5),basico,,,,,,,,,Rituais e comunhão com espíritos — 5 MB cada.,25 MB,,,,
127,Itens Gerais,Munição e Consumíveis,Pedra de Funda (20),basico,,,,,,,,,Munição para funda. Pacote com 20 unidades.,05 MB,,,,
128,Itens Gerais,Munição e Consumíveis,Pedra Trovejante,basico,,,,,,,,,Explode em som alto. Pode Surpreender criaturas.,20 MB,,,,
129,Itens Gerais,Munição e Consumíveis,Poção de Cura,basico,,,,,,,,,Restaura 4d4+4 de Vida. Ação Padrão.,80 MB,,,,
130,Itens Gerais,Munição e Consumíveis,Poção de Cura Menor,basico,,,,,,,,,Restaura 2d4+2 de Vida. Ação Padrão.,20 MB,,,,
131,Itens Gerais,Munição e Consumíveis,Poção de Mana,basico,,,,,,,,,Restaura 2d4+2 de Mana. Ação Padrão.,90 MB,,,,
132,Itens Gerais,Munição e Consumíveis,Poção de Mana Menor,basico,,,,,,,,,Restaura 1d4+1 de Mana. Ação Padrão.,30 MB,,,,
133,Itens Gerais,Munição e Consumíveis,Ração de Emergência,basico,,,,,,,,,Alimenta uma pessoa por 1 dia.,10 MB,,,,
134,Itens Gerais,Munição e Consumíveis,Saco de Pó Cegante,basico,,,,,,,,,Cega alvo adjacente por 1 rodada (Reflexo).,15 MB,,,,
135,Itens Gerais,Munição e Consumíveis,Virotes (20),basico,,,,,,,,,Munição para bestas. Pacote com 20 unidades.,25 MB,,,,
136,Intermediário,Armas CaC,Espada de Prata Abençoada,intermediario,1d8 Cortante / Sagrado,,,"Finesse, Leve",,,,Arm. Táticas,,60 MP,Tática — Espada Curta Aprimorada,"[{""nome"": ""Luz da Prata"", ""desc"": ""Causa +1d4 de dano Radiante adicional contra criaturas corrompidas, mortos-vivos ou portadores do Negativo.""}, {""nome"": ""Bênção do Metal"", ""desc"": ""Uma vez por Descanso Curto, ao acertar um crítico, o alvo fica Abalado até o início do próximo turno do portador (sem salvaguarda).""}]",,
137,Intermediário,Armas CaC,Machado do Caçador de Dragões,intermediario,1d10 Cortante,,,Versátil (2H: 1d12),,,,Arm. Táticas,,100 MP,Tática — Machado de Batalha Aprimorado,"[{""nome"": ""Bane Elemental"", ""desc"": ""Ignora Resistência Elemental de qualquer tipo ao acertar a criatura.""}, {""nome"": ""Escama Partida"", ""desc"": ""Contra criaturas com armadura natural (ex: dragões, criaturas de pedra), causa +2d6 de dano por acerto.""}]",,
138,Intermediário,Armas CaC,Maça da Ordem,intermediario,1d8+1 Impacto / Sagrado,,,,,,,Arm. Táticas,,80 MP,Tática — Maça de Batalha Aprimorada,"[{""nome"": ""Impacto Sagrado"", ""desc"": ""Acertos críticos causam Atordoado por 1 rodada sem direito a salvaguarda.""}, {""nome"": ""Aura da Ordem"", ""desc"": ""Aliados adjacentes recebem +1 em salvaguardas de Vontade enquanto o portador estiver em combate.""}]",,
139,Intermediário,Armas CaC,Rapieira Dançante,intermediario,1d8 Perfurante,,,Finesse,,,,Arm. Táticas,,90 MP,Tática — Rapieira Aprimorada,"[{""nome"": ""Segunda Dança"", ""desc"": ""Uma vez por turno, após um ataque bem-sucedido, pode realizar um segundo ataque com –2 na rolagem.""}, {""nome"": ""Finta"", ""desc"": ""Uma vez por Descanso Curto, pode usar uma Reação para fazer o próximo ataque contra si mesmo ter desvantagem.""}]",,
140,Intermediário,Armas CaC,Martelo Rúnico,intermediario,1d10 Impacto,,,Versátil (2H: 1d12),,,,Arm. Táticas,,80 MP,Tática — Martelo de Guerra Aprimorado,"[{""nome"": ""Runas de Quebra"", ""desc"": ""Cada acerto reduz a DB do alvo em –1 (acumulável até –3) até o fim do combate.""}, {""nome"": ""Estrondo Rúnico"", ""desc"": ""Acertos críticos emitem onda de força em 3m: criaturas no raio sofrem 1d6 Impacto e Tenacidade CD 13 ou são empurradas 1,5m.""}]",,
141,Intermediário,Armas CaC,Foice de Batalha,intermediario,1d8 Cortante,,,"Alcance +1,5m",,,,Arm. Táticas,,70 MP,Tática — Foice Curta Aprimorada,"[{""nome"": ""Ceifar"", ""desc"": ""Ao matar um inimigo, pode imediatamente realizar um ataque extra contra outro inimigo adjacente (sem custo de ação).""}, {""nome"": ""Falha Dupla"", ""desc"": ""Se o alvo estiver com metade da Vida ou menos, causa +1d4 de dano adicional.""}]",,
142,Intermediário,Armas CaC,Lança das Marés,intermediario,1d10 Perfurante / Água,,,"Duas mãos, Alcance +1,5m, Arremesso 18m",,,,Arm. Táticas,,120 MP,Tática — Lança de Guerra Aprimorada,"[{""nome"": ""Onda de Impacto"", ""desc"": ""Quando arremessada, causa +1d6 dano Água adicional. A lança retorna à mão do portador no início do próximo turno.""}, {""nome"": ""Correnteza"", ""desc"": ""Acertos empurram o alvo 1,5m e reduzem o deslocamento do alvo em –3m por 1 rodada.""}]",,
143,Intermediário,Armas Disparo,Arco Élfico de Precisão,intermediario,1d8 Perfurante,,36m / 72m,"Munição, Duas mãos",,,,Arm. de Disparo,,150 MP,Disparo — Arco Longo Aprimorado,"[{""nome"": ""Sem Penalidade"", ""desc"": ""Ignora a penalidade de desvantagem ao atirar no segundo alcance (36–72m).""}, {""nome"": ""Flecha Guiada"", ""desc"": ""Uma vez por turno, pode gastar 1 PM para rolar novamente o dado de dano e escolher o maior resultado.""}]",,
144,Intermediário,Armas Disparo,Besta Automática,intermediario,1d8 Perfurante,,24m / 48m,,,,,Arm. de Disparo,,100 MP,Disparo — Besta Leve Aprimorada,"[{""nome"": ""Disparo Rápido"", ""desc"": ""Remove a propriedade Recarga — pode disparar sem gastar ação de recarga.""}, {""nome"": ""Rajada"", ""desc"": ""Uma vez por Descanso Curto, pode realizar 2 disparos com uma única ação de ataque (–2 em cada rolagem).""}]",,
145,Intermediário,Armas Disparo,Besta de Trovão,intermediario,1d10 Perfurante / Trovão,,30m / 60m,,,,,Arm. de Disparo,,150 MP,Disparo — Besta Pesada Aprimorada,"[{""nome"": ""Virote Trovejante"", ""desc"": ""Todo acerto causa +1d4 de dano Trovão adicional com barulho de trovão.""}, {""nome"": ""Impacto Sônico"", ""desc"": ""Acertos críticos causam Atordoado (Tenacidade CD 14 cancela) e criaturas surdas têm desvantagem na salvaguarda.""}]",,
146,Intermediário,Armas Disparo,Zarabatana do Veneno,intermediario,1d4 Perfurante + Veneno,,9m / 18m,Silenciosa,,,,Arm. de Disparo,,60 MP,Disparo — Zarabatana Aprimorada,"[{""nome"": ""Dardo Envenenado"", ""desc"": ""Todo acerto aplica Veneno: alvo perde 1d6 Vida no início de cada turno por 3 rodadas (Tenacidade CD 13 encerra).""}, {""nome"": ""Silêncio Total"", ""desc"": ""Disparos nunca produzem qualquer som detectável — nem o impacto.""}]",,
147,Intermediário,Armas Mágicas,Cajado das Tempestades,intermediario,1d8 Mágico (Trovão) / 1d6 Físico,,,Duas mãos | +4 PM recuperados em Descanso Curto,,,,Arm. Mágicas,,200 MP,Mágica — Cajado Aprimorado,"[{""nome"": ""Relâmpago Encadeado"", ""desc"": ""Acertos mágicos com dano Trovão podem encadear para um segundo alvo adjacente (1,5m): causa metade do dano, Reflexo CD do portador cancela.""}, {""nome"": ""Olho da Tempestade"", ""desc"": ""O portador não sofre penalidade de ataque por condições climáticas adversas; aliados em 9m recebem +1 em ataques com propriedade Trovão.""}]",,
148,Intermediário,Armas Mágicas,Orbe do Espelho Arcano,intermediario,1d8 Mágico / 1d4 Físico,,,Seguro com uma mão | +1 magia conhecida,,,,Arm. Mágicas,,140 MP,Mágica — Orbe Aprimorado,"[{""nome"": ""Reflexo Arcano"", ""desc"": ""Uma vez por turno, ao sofrer danos de uma magia, pode gastar 2 PM e fazer Foco (CD = CD do atacante): sucesso devolve metade do dano ao conjurador.""}, {""nome"": ""Espelho da Verdade"", ""desc"": ""O portador tem vantagem em testes de Investigação para detectar ilusões e efeitos de enganação mágica.""}]",,
149,Intermediário,Armas Mágicas,Cetro das Chamas Vivas,intermediario,1d10 Mágico (Fogo) / 1d6 Físico,,,"Duas mãos, Pesado | +2 Limite de Mana/Turno",,,,Arm. Mágicas,,160 MP,Mágica — Cetro Aprimorado,"[{""nome"": ""Rastro de Chama"", ""desc"": ""Acertos mágicos de Fogo criam uma mancha de fogo no chão (3×3m). Criaturas que entram ou iniciam o turno na área sofrem 1d4 Fogo. Dura 2 rodadas.""}, {""nome"": ""Combustão Arcana"", ""desc"": ""Ao gastar 3+ PM em uma única magia de Fogo, causa +1d6 de dano de Fogo adicional a todos no efeito.""}]",,
150,Intermediário,Armas Mágicas,Tomo Sombrio,intermediario,1d6 Mágico (Negativo) / 1d4 Físico,,,Duas mãos | +4 CD de Conjuração,,,,Arm. Mágicas,,300 MP,Mágica — Tomo Aprimorado,"[{""nome"": ""Toque do Nada"", ""desc"": ""Alvos que resistirem com sucesso a uma magia do portador ficam Abalados até o fim do próximo turno deles.""}, {""nome"": ""Drenagem de Essência"", ""desc"": ""Acertos críticos drenam 2 PM do alvo (se tiver). Os PM drenados são adicionados ao portador até o fim do combate.""}]",,
151,Intermediário,Armas Mágicas,Varinha do Vínculo,intermediario,1d6 Mágico / 1d4 Físico,,,"Leve, segura com uma mão",,,,Arm. Mágicas,,50 MP,Mágica — Varinha Aprimorada,"[{""nome"": ""Vínculo Arcano"", ""desc"": ""O portador pode vincular a varinha a um aliado (1 min de ritual). O aliado vinculado recupera +1 PM por turno enquanto o portador estiver ativo.""}, {""nome"": ""Pulso Mágico"", ""desc"": ""Uma vez por Descanso Curto, ao rolar 18-20 em um ataque mágico, o custo da próxima magia é reduzido em 2 PM.""}]",,
152,Intermediário,Armaduras,Cota de Escamas de Dragão,intermediario,,,,,,+4 DB,Tronco — Pesada,Arm. Leve,,200 MP,,"[{""nome"": ""Resistência Elemental"", ""desc"": ""Escolha 1 elemento ao adquirir (Fogo, Água, Terra, Trovão, Arcano): recebe metade do dano desse tipo.""}, {""nome"": ""Escamas Vivas"", ""desc"": ""Quando o portador chega a metade dos PV, a armadura brilha com a cor do elemento: todos os inimigos em 3m sofrem desvantagem em seus próximos ataques por 1 rodada.""}]",,
153,Intermediário,Armaduras,Armadura Élfica,intermediario,,,,,,+3 DB,Tronco — Leve,Arm. Leve,,500 MP,,"[{""nome"": ""Leveza Arcana"", ""desc"": ""Sem penalidade de Furtividade; +5 em Iniciativa.""}, {""nome"": ""Reflexo do Vento"", ""desc"": ""Uma vez por turno, ao ser alvo de um ataque à distância, pode gastar 1 PM para rolar Reflexo (CD do ataque): sucesso nega o dano completamente.""}]",,
154,Intermediário,Armaduras,Brunidura Rúnica Pesada,intermediario,,,,,,+3 DB,Tronco — Pesada,Arm. Leve,,150 MP,,"[{""nome"": ""Barreira Arcana Reforçada"", ""desc"": ""Absorve 4 de dano mágico por golpe (em vez dos 2 da Túnica comum).""}, {""nome"": ""Runa de Deflexão"", ""desc"": ""Uma vez por Descanso Longo, nega completamente um ataque mágico que a barreira arcana não conseguiu absorver totalmente.""}]",,
155,Intermediário,Armaduras,Veste do Explorador,intermediario,,,,,,+1 DB,Tronco — Nenhuma,Todos,,80 MP,,"[{""nome"": ""Adaptação do Terreno"", ""desc"": ""O portador ignora penalidades de Furtividade e movimento em terrenos difíceis (lama, neve, rochas, floresta densa).""}, {""nome"": ""Sentidos do Caminhante"", ""desc"": ""Vantagem em testes de Sobrevivência para rastrear, orientar-se e encontrar abrigo ou recursos naturais.""}]",,
156,Intermediário,Armaduras,Manto das Sombras Profundas,intermediario,,,,,,+2 DB,Tronco — Nenhuma,Todos,,120 MP,,"[{""nome"": ""Sombra Viva"", ""desc"": ""+4 em Furtividade. Em ambientes de penumbra ou escuridão, o portador é considerado invisível enquanto imóvel.""}, {""nome"": ""Dissolução"", ""desc"": ""Uma vez por Descanso Curto, pode usar uma Ação para se tornar indetectável por 1 rodada (não pode atacar ou conjurar durante).""}]",,
157,Intermediário,Cabeça e Calçado,Capacete do Campeão,intermediario,,,,,,+2 DB,Cabeça — Leve,Arm. Leve,,80 MP,,"[{""nome"": ""Mente Inabalável"", ""desc"": ""Vantagem em salvaguardas contra Atordoado, Confuso e Amedrontado.""}, {""nome"": ""Brado do Campeão"", ""desc"": ""Uma vez por combate, como Ação Bônus, profere um brado: aliados no raio de 9m recebem +1 em ataques no próximo turno.""}]",,
158,Intermediário,Cabeça e Calçado,Tiara Arcana Dupla,intermediario,,,,,,+1 DB,Cabeça — Nenhuma,Todos,,100 MP,,"[{""nome"": ""Expansão Mental"", ""desc"": ""+1 magia conhecida. O portador pode memorizar uma magia adicional por Descanso Longo.""}, {""nome"": ""Potência Arcana"", ""desc"": ""+1 PM máximo por ponto de Intelecto que o personagem possua (ex: INT 3 = +3 PM máximos).""}]",,
159,Intermediário,Cabeça e Calçado,Botas da Tempestade,intermediario,,,,,,+1 DB,Calçado — Nenhuma,Todos,,90 MP,,"[{""nome"": ""Velocidade Trovejante"", ""desc"": ""Deslocamento +3m.""}, {""nome"": ""Passo Seguro"", ""desc"": ""O portador pode usar Reflexo como Reação para reduzir à metade o dano de queda ou de efeitos de área que exijam Reflexo.""}]",,
160,Intermediário,Cabeça e Calçado,Grevas do Titã,intermediario,,,,,,+2 DB,Calçado — Pesada,Arm. Pesada,,120 MP,,"[{""nome"": ""Imovível"", ""desc"": ""O portador tem vantagem em todos os testes para resistir a empurrões, derrubadas e efeitos de deslocamento forçado.""}, {""nome"": ""Pisada Pesada"", ""desc"": ""Uma vez por turno, ao se mover pelo menos 3m em linha reta, pode atacar com as grevas: 1d6 Impacto + Tenacidade CD 12 ou Atordoado 1 rodada.""}]",,
161,Intermediário,Escudos e Acessórios,Escudo do Protetor,intermediario,,,,,,+2 DB,Escudo,Escudo,,80 MP,,"[{""nome"": ""Bloqueio Altruísta"", ""desc"": ""A Reação de Bloqueio pode ser usada para proteger qualquer aliado adjacente (não apenas a si mesmo).""}, {""nome"": ""Resistência Partilhada"", ""desc"": ""Quando usar o Bloqueio por um aliado, o dano absorvido é dividido igualmente entre o portador e o aliado.""}]",,
162,Intermediário,Escudos e Acessórios,Escudo Rúnico Elevado,intermediario,,,,,,+2 DB,Escudo,Escudo,,120 MP,,"[{""nome"": ""Barreira Arcana Dupla"", ""desc"": ""Absorve 4 de dano mágico por golpe.""}, {""nome"": ""Deflexão Total"", ""desc"": ""Uma vez por Descanso Longo, nega completamente um projétil mágico (magia de alvo único com ataque à distância).""}]",,
163,Intermediário,Escudos e Acessórios,Anel da Vitalidade Superior,intermediario,,,,,,,Acessório,Todos,,60 MP,,"[{""nome"": ""Reserva Vital"", ""desc"": ""+15 Pontos de Vida máximos.""}, {""nome"": ""Resiliência"", ""desc"": ""Uma vez por Descanso Longo, quando chegar a 0 PV, permanece em pé com 1 PV (sem ação necessária).""}]",,
164,Intermediário,Escudos e Acessórios,Amuleto do Elemento Escolhido,intermediario,,,,,,,Acessório,Todos,,80 MP,,"[{""nome"": ""Resistência Elemental"", ""desc"": ""Escolha 1 elemento ao adquirir: recebe metade do dano desse tipo.""}, {""nome"": ""Afinidade Ativa"", ""desc"": ""Uma vez por Descanso Curto, pode gastar 2 PM para adicionar +1d6 do elemento escolhido a um ataque ou magia.""}]",,
165,Intermediário,Escudos e Acessórios,Cinto do Colosso,intermediario,,,,,,,Acessório,Todos,,120 MP,,"[{""nome"": ""Constituição Colossal"", ""desc"": ""+20 Pontos de Vida máximos.""}, {""nome"": ""Força Titânica"", ""desc"": ""Vantagem em testes de Atletismo para empurrar, segurar, levantar e escalar. Limite de carga duplicado.""}]",,
166,Intermediário,Escudos e Acessórios,Bracelete do Reflexo Aprimorado,intermediario,,,,,,,Acessório,Todos,,70 MP,,"[{""nome"": ""Instinto Puro"", ""desc"": ""+2 em todas as rolagens de Reflexo.""}, {""nome"": ""Esquiva Livre"", ""desc"": ""Uma vez por turno, pode usar Reflexo como Reação sem gastar a Reação do turno (pode ser usada mesmo se já tiver usado a Reação).""}]",,
167,Lendário,I — Maçaneta de Ferro,Martelo de Durn,lendario,2d8 + FOR Impacto,,,,,,Arma Tática — Martelo de Guerra,Prof. Arm. Táticas | Força 3+,,,,"[{""nome"": ""+10 Ataque e Dano"", ""desc"": ""Bônus permanente de +10 em todas as rolagens de ataque e dano.""}, {""nome"": ""Fundador"", ""desc"": ""Como Ação Padrão (sem atacar), bate o martelo no chão: todos os aliados em 9m recuperam 1d6 PM e têm vantagem em suas próximas salvaguardas. Recupera em Descanso Longo.""}, {""nome"": ""Forja Ancestral"", ""desc"": ""Acertos críticos liberam onda de calor forjado: inimigos em 3m sofrem 2d6 Fogo e têm –2 DB por 1 rodada (Tenacidade CD 16 cancela o –2 DB).""}, {""nome"": ""Herança Anã"", ""desc"": ""Anões que empunham o martelo têm vantagem em todas as salvaguardas e recebem +2 em Tenacidade.""}, {""nome"": ""Inquebrável"", ""desc"": ""O martelo não pode ser destruído ou danificado por meios não-mágicos. Magias de destruição precisam superar Foco CD 20.""}]",,"Este é o martelo que Durn Maçaneta-de-Ferro largou no chão da forja quando soube da morte de seu filho — e que nunca mais levantou para fazer armas de guerra. Com ele construiu o primeiro tijolo do Grande Conselho, sentado ao lado de Vorax das Escamas Negras. Segundo os Anões, a pedra escolhida por Durn ainda pulsa com calor nas noites de inverno. O martelo nunca foi limpo da poeira daquele dia: a sujeira da reconciliação é considerada sagrada."
168,Lendário,II — Escamas do Abismo,Armadura de Vorax,lendario,,,,,,+10 DB,Armadura Tronco — Pesada,Prof. Arm. Pesada | Força 4+,,,,"[{""nome"": ""+10 DB"", ""desc"": ""O maior bônus de DB de uma armadura de tronco.""}, {""nome"": ""Resistência Total"", ""desc"": ""O portador recebe metade do dano de todos os tipos elementais (Fogo, Água, Terra, Trovão, Arcano).""}, {""nome"": ""Sobrevivente"", ""desc"": ""Uma vez por dia, quando chegar a 0 PV, permanece em pé com 1 PV. Todos os aliados visíveis recebem vantagem em seus ataques no próximo turno.""}, {""nome"": ""Presença do Draconato"", ""desc"": ""Vantagem em Intimidação. Criaturas com menos de 3 de Vontade ficam Amedrontadas automaticamente ao ver o portador em combate (Vontade CD 17 cancela).""}, {""nome"": ""Memória das Escamas"", ""desc"": ""O portador não pode ser surpreendido. Sempre age no primeiro turno do combate.""}]","[{""nome"": ""Nobre Obrigação"", ""desc"": ""O portador não pode fugir ou recuar de um combate enquanto aliados estiverem em campo. A tentativa causa que a armadura pese o dobro por 1 hora.""}]","A armadura de escamas de Vorax das Escamas Negras, forjada ao longo de décadas de guerra. Cada escama carrega a memória de um combate sobrevivido. Quando Vorax se sentou com Durn no silêncio que inaugurou a paz, estava usando esta armadura — por isso ela nunca foi polida. A poeira daquele encontro ainda mancha algumas escamas internas."
169,Lendário,III — Raízes Profundas,Cajado de Aeva,lendario,1d10 Mágico (Natureza) / 1d6 Físico Impacto,,,,,,Arma Mágica — Cajado,Prof. Arm. Mágicas | Intelecto 3+,,,,"[{""nome"": ""+5 CD de Conjuração"", ""desc"": ""Bônus permanente de +5 na Classe de Dificuldade de todas as magias.""}, {""nome"": ""+5 PM em Descanso Curto"", ""desc"": ""Recupera 5 PM adicionais em cada Descanso Curto.""}, {""nome"": ""Memória das Árvores"", ""desc"": ""Uma vez por dia: revela eventos ocorridos em um local nas últimas 48h (imagem visual, sem som). Requer 1 minuto de contato com uma superfície natural no local.""}, {""nome"": ""Detector de Falsidades"", ""desc"": ""Vantagem em todos os testes de Investigação e Percepção para detectar mentiras, ilusões, disfarces e manipulações.""}, {""nome"": ""Paciência Élfica"", ""desc"": ""O portador não pode ser surpreendido; sempre age no primeiro turno do combate; imune à condição Confuso.""}]",,"Esculpido de uma raiz de árvore que sobreviveu às Guerras Vermelhas. Aeva das Raízes Profundas levou décadas rastreando a origem do conflito das florestas — não para vingar, mas para descobrir genuinamente a verdade. Diz-se que a madeira ainda lembra cada mentira dita em sua presença e que resiste a elas com rigidez física visível."
170,Lendário,IV — Chama que Cura,Arco de Ildara,lendario,1d8 Perfurante / Fogo,,36m / 72m,,,,Arma de Disparo — Arco Longo,Prof. Arm. de Disparo | Intelecto 2+,,,,"[{""nome"": ""+15 em Ataques"", ""desc"": ""Bônus permanente de +15 em todas as rolagens de ataque.""}, {""nome"": ""Flecha de Cura"", ""desc"": ""No lugar de atacar, dispara uma flecha de cura em um aliado em alcance: recupera 2d8 + INT Vida (consome 4 PM).""}, {""nome"": ""Chama da Resistência"", ""desc"": ""Dano pode ser convertido para Fogo quando desejado. Causa +1d6 Fogo adicional contra alvos Amedrontados ou Abalados.""}, {""nome"": ""Presença do Campo"", ""desc"": ""Aliados que puderem ver o portador recebem +1 em todas as salvaguardas enquanto em combate.""}, {""nome"": ""Ignição Sagrada"", ""desc"": ""Uma vez por combate, uma flecha explode em chama sagrada: acerto automático, 3d8 Fogo + Radiante, área de 3m. Recupera em Descanso Longo.""}]",,Ildara Candela-Viva desceu das florestas para os campos de batalha das Guerras Vermelhas e ficou. Não como guerreira — como sanadora. Este arco foi modificado por ela para disparar projéteis de cura tanto quanto de dano: a única arma no mundo com essa propriedade. Ela disse que a distinção entre curar e ferir é menor do que as pessoas gostariam de acreditar — ambos exigem saber onde apontar.
171,Lendário,V — Passo Entre Mundos,Botas de Tavan,lendario,,,,,,+2 DB,Calçado — Nenhuma,Sem requisito,,,,"[{""nome"": ""Passo Branco"", ""desc"": ""O portador não deixa rastros físicos nem mágicos. Não pode ser rastreado por meios mundanos ou arcanos de nível inferior ao do portador.""}, {""nome"": ""Velocidade do Mediador"", ""desc"": ""Deslocamento +6m. Pode usar o movimento como Ação Bônus adicional uma vez por turno.""}, {""nome"": ""Diplomacia Instintiva"", ""desc"": ""Após derrotar um inimigo Amedrontado, pode gastar 2 PM: o inimigo para de atacar pelo resto do combate (Vontade CD 15 cancela).""}, {""nome"": ""Passo Espiritual"", ""desc"": ""Uma vez por Descanso Longo, teleporta até 18m para qualquer ponto visível (não atravessa barreiras mágicas de contenção).""}, {""nome"": ""Instinto do Fauno"", ""desc"": ""Vantagem em Percepção e Sobrevivência. O portador sente automaticamente ambushes em até 9m de distância.""}]",,"Tavan Passo-Branco não era o mais forte nem o mais poderoso dos Dez Heróis. Mas era o mais rápido — e nunca fugia. Estas botas foram feitas para perseguir a reconciliação, não o inimigo. O ancião Fauno havia perdido quase todo o clã no conflito com os Elfos. Escolheu não usar o direito de odiar. Não por bondade — por uma lógica fria: o ódio era um luxo que não podiam pagar."
172,Lendário,VI — A Portadora,Escudo de Saereneth,lendario,,,,,,+5 DB,Escudo — Nenhuma,Sem requisito (não consome slot de proficiência),,,,"[{""nome"": ""+5 DB — Sem Proficiência"", ""desc"": ""Qualquer personagem pode usar este escudo sem gastar ponto de Proficiência.""}, {""nome"": ""Barreira dos Pilares"", ""desc"": ""Absorve 15 de dano mágico por golpe.""}, {""nome"": ""Luz Protetora"", ""desc"": ""Aliados adjacentes recebem +1 DB e vantagem em salvaguardas de Vontade enquanto o portador estiver em pé.""}, {""nome"": ""Bloqueio à Distância"", ""desc"": ""A Reação de Bloqueio pode ser usada para proteger qualquer aliado visível em até 9m — não apenas adjacentes.""}, {""nome"": ""Vigília Celestial"", ""desc"": ""O portador não dorme profundamente — mantém consciência mesmo dormindo. Imune à condição Adormecido. Aliados sob sua guarda nunca são surpreendidos enquanto ele estiver de sentinela.""}]",,"Saereneth a Portadora desceu ao Continente Ancestral não como conquistadora, mas como mensageira com documentos e paciência para responder perguntas. Seu escudo não é de metal — é de luz solidificada pelos Cinco Pilares. Sua superfície reflete não o rosto do portador, mas o rosto de quem ele está protegendo naquele momento."
173,Lendário,VII — Fragmento do Nada,Espada do Vazio,lendario,1d10 Cortante + 1d8 Negativo,,,Versátil: 2d8 + 1d8 Negativo,,,Arma Tática — Espada Longa,Prof. Arm. Táticas — ITEM AMALDIÇOADO,,,,"[{""nome"": ""Corte do Vazio"", ""desc"": ""Acertos críticos drenam 3 PM do alvo (se tiver) e os adicionam ao portador até o fim do combate.""}, {""nome"": ""Fome do Nada"", ""desc"": ""Ao matar um inimigo, o portador recupera 2d6 Vida e 1d6 PM imediatamente.""}, {""nome"": ""Lâmina Implacável"", ""desc"": ""+5 em ataques contra alvos com mais da metade de seus PV. +2 contra alvos acima de 75% dos PV.""}, {""nome"": ""Corrupção Penetrante"", ""desc"": ""O dano Negativo da espada ignora resistências e barreiras arcanas.""}]","[{""nome"": ""Consumo Arcano"", ""desc"": ""A cada turno em que a espada for empunhada em combate, o portador perde 1 PM máximo até um Descanso Longo (máximo –5 PM por sessão). Se PM chegar a 0 durante uso, sofre 1d8 Negativo por rodada até soltar a espada.""}, {""nome"": ""Toque do Vazio"", ""desc"": ""O portador tem desvantagem em Carisma e Persuasão enquanto empunha a espada. NPCs sensíveis à magia tornam-se instintivamente hostis.""}, {""nome"": ""Vínculo da Lâmina"", ""desc"": ""Após 3 sessões de uso contínuo, o portador precisa fazer Vontade CD 15 por Descanso Longo para não empunhar a espada involuntariamente ao entrar em combate.""}]","Encontrada nas margens de Terras Devastadas, forjada de um metal criado pelo contato direto com o Negativo. Sente fria ao toque e entorpece levemente a mão do portador. O Grande Conselho já tentou destruí-la três vezes. A espada voltou. Atualmente está classificada como Artefato Classe I — proibida para uso público — mas nenhuma lei foi capaz de mantê-la guardada."
174,Lendário,VIII — O Selo dos Cinco,Anel dos Cinco Pilares,lendario,,,,,,,Acessório — Anel,Intelecto 2+ | Foco Básico (+2) ou superior,,,,"[{""nome"": ""Pilar Ativo"", ""desc"": ""Escolha 1 pilar por Descanso Longo. Cada um concede um poder único (abaixo).""}, {""nome"": ""Criação"", ""desc"": ""Conjura uma magia da lista de Magias Antigas sem gastar PM — uma vez neste descanso.""}, {""nome"": ""Preservação"", ""desc"": ""Quando o portador chegar à metade dos PV pela primeira vez, regenera 2d10 Vida automaticamente.""}, {""nome"": ""Transformação"", ""desc"": ""Pode alterar o tipo de dano de qualquer magia conjurada para qualquer elemento uma vez neste descanso.""}, {""nome"": ""Equilíbrio"", ""desc"": ""Nega completamente um efeito negativo (condição, redução de atributo, maldição) — uma vez neste descanso.""}, {""nome"": ""Transcendência"", ""desc"": ""Vantagem em todas as rolagens por 1 minuto (consome 5 PM para ativar).""}, {""nome"": ""Selo do Negativo"", ""desc"": ""O portador é imune à condição Corrompido e ao dano Negativo passivo (ambiente). Dano Negativo direto é reduzido à metade.""}]",,"Criado pelos Cinco Pilares para ser o Selo do Negativo. Uma versão foi encontrada num arqueossítio élfico — se é o original ou uma réplica perfeita, ninguém conseguiu determinar. As cinco pedras no anel correspondem aos Pilares: Criação (branca), Preservação (verde), Transformação (dourada), Equilíbrio (azul) e Transcendência (violeta). As pedras alternam brilho conforme o pilar ativo."
175,Lendário,IX — Memória das Guerras Vermelhas,Máscara de Veryn,lendario,,,,,,+0 DB,Cabeça — Nenhuma,Presença 3+ — ITEM AMALDIÇOADO,,,,"[{""nome"": ""Brilho de Veryn"", ""desc"": ""+10 em Persuasão, Enganação e Carisma. +10 CD de Conjuração para magias de encantamento e ilusão.""}, {""nome"": ""Memória Élfica"", ""desc"": ""Uma vez por dia, com 1 hora de meditação, acessa memórias de um evento histórico relevante para a campanha atual (o Mestre descreve o evento).""}, {""nome"": ""Talento Político"", ""desc"": ""Após 1 minuto de conversa, identifica automaticamente a motivação central e a maior vulnerabilidade emocional de qualquer NPC.""}, {""nome"": ""Rosto Ideal"", ""desc"": ""Ao colocar a máscara, o portador pode alterar sua aparência facial para a versão que um alvo específico considerar mais confiável — dura enquanto a máscara estiver usada.""}]","[{""nome"": ""Orgulho do Criador"", ""desc"": ""O portador desenvolve convicção crescente de que suas decisões são sempre corretas. Progressivamente tem desvantagem em testes de aceitar conselhos de aliados (1ª sessão: –1; 3ª: –2; 5ª: desvantagem total).""}, {""nome"": ""Marca do Traidor"", ""desc"": ""Elfos e Faunos que conhecem a máscara tornam-se instintivamente hostis ou desconfortáveis. NPCs com história familiar nas Guerras Vermelhas podem identificá-la.""}, {""nome"": ""Dependência do Rosto"", ""desc"": ""Após 5 sessões de uso, o portador tem dificuldade crescente de agir sem a máscara em interações sociais — progressivamente, situações sem ela causam desvantagem em Carisma.""}]","A máscara de Veryn Esmeraldanobre, o nobre feérico cuja manipulação destruiu a aliança das florestas. Ele não a usava para esconder o rosto — usava para projetar a versão de si mesmo que cada interlocutor precisava ver. A máscara sobreviveu ao seu desaparecimento e reapareceu três vezes na história, sempre nas mãos de alguém com ambição legítima e julgamento insuficiente."
176,Lendário,X — O Pulso das Eras,Coração do Rei das Montanhas,lendario,,,,,,,Acessório — Incrustação,Sem requisito,,,,"[{""nome"": ""Pulso das Rochas"", ""desc"": ""Em subterrâneo ou estruturas de pedra: o portador detecta automaticamente passagens ocultas em 18m, armadilhas estruturais e criaturas se movendo através de paredes.""}, {""nome"": ""Voz da Pedra"", ""desc"": ""Uma vez por Descanso Longo, \""pergunta à pedra\"" sobre eventos nas últimas 72h em um local específico. A gema reproduz o que a pedra absorveu — movimentos, vozes próximas, eventos físicos.""}, {""nome"": ""Resistência Primordial"", ""desc"": ""+20 Pontos de Vida. Recebe metade do dano de ataques do tipo Impacto.""}, {""nome"": ""Invocação Elemental"", ""desc"": ""Uma vez por Descanso Longo, gasta 8 PM para invocar um Elemental de Pedra Menor que obedece a ordens por 3 rodadas antes de retornar.""}, {""nome"": ""Conversa Ancestral"", ""desc"": ""Anões com esta gema recebem vantagem em todas as rolagens; +2 em Tenacidade e Vontade; e podem se comunicar com entidades elementais de Terra como se conhecessem o idioma.""}]",,"Uma gema extraída das profundezas das montanhas pelos ancestrais de Durn. Os Anões acreditam ser um fragmento do próprio Rei das Montanhas — a entidade elemental que habita a pedra viva do mundo. A gema pulsa com batimento lento, como um coração de rocha. Pesquisadores do Instituto Real documentaram que a gema registra eventos do ambiente em sua estrutura cristalina, como a pedra absorve o sangue de batalhas antigas."
